Brand,Name,Description,Picture,Price,NbLines,Dimensions,availablestock,onreorder
Trodat,Printy 4929,Trodat Printy 4929 50 x 30 mm - 6 lines,https://media.stamps4u.co.uk/media/image/7c/fb/0b/trodat_printy_4929_1_1000X10005590f2deae190_720x600_600x600@2x.jpg,190,6,"['50', '30']",0,False
Trodat,Printy 4911,Trodat Printy 4911 small address stamp (38 x 14 mm - 3 lines),https://media.stamps4u.co.uk/media/image/9a/be/36/Trodat_Printy_4911_1_1000X1000_600x600@2x.jpg,120,3,"['38', '14']",0,False
Trodat,Professional 5206,Trodat Professional 5206 56 x 33 mm - 8 lines,https://media.stamps4u.co.uk/media/image/e4/d5/5b/Trodat_Professional_5206_neu_1_1000X1000_600x600@2x.jpg,320,8,"['56', '33']",0,False
Trodat,Professional Dater 5474,Trodat Professional Dater 5474 59 x 38 mm - 3+3 lines,https://media.stamps4u.co.uk/media/image/11/fa/82/PR_5474_4p0_600x600@2x.jpg,390,6,"['59', '38']",0,False
Colop,Printer 10,Colop Printer 10 27 x 10 mm - 2 lines,https://media.stamps4u.co.uk/media/image/03/92/b7/PR10_b-black_1000X1000_600x600@2x.jpg,110,2,"['27', '10']",0,False
Colop,Printer 20,Colop Printer 20 38 x 14 mm - 3 lines,https://media.stamps4u.co.uk/media/image/ea/dc/8b/PR20_b-black_1000X1000_600x600@2x.jpg,130,3,"['38', '14']",0,False
Trodat,Professional 5200,Trodat Professional 5200 41 x 24 mm - 5 lines,https://media.stamps4u.co.uk/media/image/1a/ae/f8/trodat_Professional_neu_5200_1_1000X1000_600x600@2x.jpg,230,5,"['41', '24']",0,False
Trodat,Professional Dater 5430,Trodat Professional Dater 5430 41 x 24 mm - 1+1 lines,https://media.stamps4u.co.uk/media/image/87/a5/b6/trodat_Professional_neu_5430_1_1000X1000_600x600@2x.jpg,310,2,"['41', '24']",0,False
Trodat,Eclipse (R19),Trodat Eclipse (R19) - 85 x 55 mm,https://media.stamps4u.co.uk/media/image/84/ef/02/eclipse_600x600@2x.jpg,300,1,"['85', '55']",0,False
Trodat,Printy 46025,Trodat Printy 46025 25 mm diam. - 5 lines,https://media.stamps4u.co.uk/media/image/93/b1/a6/trodat_46025_1_red_1000X1000_600x600@2x.jpg,100,5,,0,False
Trodat,Printy 4941,Trodat Printy 4941 41 x 24 mm - 6 lines,https://media.stamps4u.co.uk/media/image/df/d7/79/4941-web_600x600@2x.jpg,170,6,"['41', '24']",0,False
Trodat,Printy 4927,Trodat Printy 4927 60 x 40 mm - 9 lines,https://media.stamps4u.co.uk/media/image/71/c6/aa/trodat_4927_1_red_1000X1000_600x600@2x.jpg,230,9,"['60', '40']",0,False
Colop,Printer Dater Q30,Colop Printer Dater Q30 31 x 31 mm - 3+3 lines,https://media.stamps4u.co.uk/media/image/97/69/96/PR_Q30_DATER__122038_600x600@2x.jpg,200,6,,0,False
Colop,Printer 30,Colop Printer 30 47 x 18 mm - 4 lines,https://media.stamps4u.co.uk/media/image/37/d4/c8/PR30_b-black_1000X1000_600x600@2x.jpg,150,4,"['47', '18']",0,False
Colop,Printer 53 Dater,Colop Printer 53 Dater 45 x 30 mm - 2+2 lines,https://media.stamps4u.co.uk/media/image/64/f5/d7/colop_s260_dater_1_1000X1000_600x600@2x.jpg,230,4,"['45', '30']",0,False
Colop,Printer 40,Colop Printer 40 59 x 23 mm - 5 lines,https://media.stamps4u.co.uk/media/image/5c/c0/02/PR40_b-black_1000X1000_600x600@2x.jpg,190,5,"['59', '23']",0,False
Trodat,Eclipse (R20),Trodat Eclipse (R20) - 105 x 55 mm,https://media.stamps4u.co.uk/media/image/84/ef/02/eclipse_600x600@2x.jpg,310,1,"['105', '55']",0,False
Trodat,Printy 4630,Trodat Printy 4630 30 mm diam. - 6 lines,https://media.stamps4u.co.uk/media/image/b8/fc/2b/4630_1000x1000_600x600@2x.jpg,150,6,,0,False
Trodat,Printy 4638,Trodat Printy 4638 38 mm diam. - 7 lines,https://media.stamps4u.co.uk/media/image/f9/75/6f/PR_4638_P4_INN_black_ohne_600x600@2x.jpg,170,7,,0,False
Trodat,Eclipse (R21),Trodat Eclipse (R21) - 125 x 55 mm,https://media.stamps4u.co.uk/media/image/84/ef/02/eclipse_600x600@2x.jpg,330,1,"['125', '55']",0,False
Trodat,Printy 4642,Trodat Printy 4642 42 mm diam. - 8 lines,https://media.stamps4u.co.uk/media/image/ce/e1/3f/Trodat_Printy_4642_1_1000X1000_600x600@2x.jpg,180,8,,0,False
Trodat,Eclipse (R11),Trodat Eclipse (R11) - 105 x 25 mm,https://media.stamps4u.co.uk/media/image/84/ef/02/eclipse_600x600@2x.jpg,210,5,"['105', '25']",0,False
Trodat,Printy 4918,Trodat Printy 4918 75 x 15 mm - 2 lines,https://media.stamps4u.co.uk/media/image/79/32/c4/trodat_4918_1_red_1000X1000_600x600@2x.jpg,180,2,"['75', '15']",0,False
Trodat,Eclipse (R12),Trodat Eclipse (R12) - 125 x 25 mm,https://media.stamps4u.co.uk/media/image/84/ef/02/eclipse_600x600@2x.jpg,230,5,"['125', '25']",0,False
Trodat,Printy 4916,Trodat Printy 4916 70 x 10 mm - 1 or 2 lines,https://media.stamps4u.co.uk/media/image/d3/03/8e/trodat_printy_4916_1_1000X1000_600x600@2x.jpg,140,2,"['70', '10']",0,False
Trodat,Professional 5208,Trodat Professional 5208 68 x 47 mm - 10 lines,https://media.stamps4u.co.uk/media/image/2c/cd/77/PR_5208_4p0_1000x1000k3FeB8sf0pxWl_600x600@2x.jpg,370,1,"['68', '47']",0,False
Colop,Printer Q30,Colop Printer Q30 31x 31 - 6 Lines,https://media.stamps4u.co.uk/media/image/c0/94/dc/printer_Q30_black_1_1000X1000_600x600@2x.jpg,170,6,,0,False
Colop,Printer 10 Microban 27,Colop Printer 10 Microban 27 x 10 mm - 2 lines,https://media.stamps4u.co.uk/media/image/ca/fc/b2/PR10_Microban_600x600@2x.jpg,120,2,"['27', '10']",0,False
Colop,Printer 20 Microban 38,Colop Printer 20 Microban 38 x 14 mm - 3 lines,https://media.stamps4u.co.uk/media/image/ed/1a/e9/PR20_Microban_600x600@2x.jpg,140,3,"['38', '14']",0,False
Colop,Printer 60-Dater,Colop Printer 60-Dater H 76 x 37 mm - 3+12 lines,https://media.stamps4u.co.uk/media/image/bf/e6/f4/Colop_printer_60_Hoch_1_1000X1000_600x600@2x.jpg,380,1,"['76', '37']",0,False
Colop,Printer 50,Colop Printer 50 69 x 30 mm - 7 lines,https://media.stamps4u.co.uk/media/image/55/ee/26/PR50_b-black_1000X1000_600x600@2x.jpg,250,7,"['69', '30']",0,False
Colop,Printer 60-Dater,Colop Printer 60-Dater Date Left 37 x 76 mm - 3+3 lines,https://media.stamps4u.co.uk/media/image/75/5d/08/Printer_60_doubledater_links_1_1000X1000_600x600@2x.jpg,380,6,"['37', '76']",0,False
Trodat,Eclipse (R6),Trodat Eclipse (R6) - 125 x 15 mm,https://media.stamps4u.co.uk/media/image/84/ef/02/eclipse_600x600@2x.jpg,160,3,"['125', '15']",0,False
Trodat,Printy 4928,Trodat Printy 4928 60 x 33 mm - 7 lines,https://media.stamps4u.co.uk/media/image/8b/bd/74/trodat_printy_4928_3_1000X1000_600x600@2x.jpg,230,7,"['60', '33']",0,False
Trodat,Eclipse (R22),Trodat Eclipse (R22) - 150 x 55 mm,https://media.stamps4u.co.uk/media/image/84/ef/02/eclipse_600x600@2x.jpg,350,1,"['150', '55']",0,False
Trodat,Eclipse (R23),Trodat Eclipse (R23) - 85 x 75 mm,https://media.stamps4u.co.uk/media/image/84/ef/02/eclipse_600x600@2x.jpg,330,1,"['85', '75']",0,False
Trodat,Eclipse (R24),Trodat Eclipse (R24) - 105 x 75 mm,https://media.stamps4u.co.uk/media/image/84/ef/02/eclipse_600x600@2x.jpg,340,1,"['105', '75']",0,False
Trodat,Eclipse (R25),Trodat Eclipse (R25) - 125 x 75 mm,https://media.stamps4u.co.uk/media/image/84/ef/02/eclipse_600x600@2x.jpg,350,1,"['125', '75']",0,False
Trodat,Printy 4907,Trodat Printy 4907 13 x 6 mm - 1 line,https://media.stamps4u.co.uk/media/image/d6/00/94/trodat_printy_4907_1_600x600@2x.jpg,90,1,"['13', '6']",0,False
Trodat,Eclipse (R13),Trodat Eclipse (R13) - 150 x 25 mm,https://media.stamps4u.co.uk/media/image/84/ef/02/eclipse_600x600@2x.jpg,230,5,"['150', '25']",0,False
Trodat,Printy 4908,Trodat Printy 4908 15 x 7 mm - 1 or 2 lines,https://media.stamps4u.co.uk/media/image/1a/12/45/trodat_printy_4908_1_1000X1000_600x600@2x.jpg,90,2,"['15', '7']",0,False
Trodat,Eclipse (R14),Trodat Eclipse (R14) - 55 x 35 mm,https://media.stamps4u.co.uk/media/image/84/ef/02/eclipse_600x600@2x.jpg,240,8,"['55', '35']",0,False
Trodat,Printy 4921,Trodat Printy 4921 12 x 12 mm - 2 lines,https://media.stamps4u.co.uk/media/image/4f/c3/33/PI_SB_4921_2008_600x600@2x.jpg,120,2,,0,False
Colop,Printer 30 Microban 47,Colop Printer 30 Microban 47 x 18 mm - 4 lines,https://media.stamps4u.co.uk/media/image/84/df/5b/PR30_Microban_600x600@2x.jpg,160,4,"['47', '18']",0,False
Colop,Printer 40 Microban 59,Colop Printer 40 Microban 59 x 23 mm - 5 lines,https://media.stamps4u.co.uk/media/image/63/fa/74/PR40_Microban_600x600@2x.jpg,190,5,"['59', '23']",0,False
Trodat,Eclipse (R8),Trodat Eclipse (R8) - 25 x 25 mm,https://media.stamps4u.co.uk/media/image/84/ef/02/eclipse_600x600@2x.jpg,150,5,,0,False
Trodat,Printy 4926,Trodat Printy 4926 75 x 38 mm - 8 lines,https://media.stamps4u.co.uk/media/image/33/98/fc/trodat_printy_4926_1_1000X1000_600x600@2x.jpg,240,8,"['75', '38']",0,False
Trodat,Professional 5274,Trodat Professional 5274 57 x 37 mm - 9 lines,https://media.stamps4u.co.uk/media/image/a4/8f/1d/PR_5274_4p0_600x600@2x.jpg,450,9,"['57', '37']",0,False
Trodat,Professional Dater 5480,Trodat Professional Dater 5480 - 64 x 44 mm,https://media.stamps4u.co.uk/media/image/d4/e9/c6/5480_1000x1000_600x600@2x.jpg,450,8,"['64', '44']",0,False
Colop,Printer 60,Colop Printer 60 76 x 37 mm - 8 lines,https://media.stamps4u.co.uk/media/image/79/ac/7f/PR60_b-black_1000X1000_600x600@2x.jpg,270,8,"['76', '37']",0,False
Colop,Printer 60-Dater,Colop Printer 60-Dater Date Right 37 x 76 mm - 3+3 lines,https://media.stamps4u.co.uk/media/image/41/1a/77/Printer_60_Doubledater_rechts_1_1000X1000_600x600@2x.jpg,380,6,"['37', '76']",0,False
Colop,Printer 25,Colop Printer 25 73 x 13 mm - 4 lines,https://media.stamps4u.co.uk/media/image/87/74/c2/Colop_Printer_25_black_1_600x600@2x.jpg,180,4,"['73', '13']",0,False
Trodat,Mobile Printy 9430,Trodat Mobile Printy 9430 30 x 30 mm or 30 mm diam.,https://media.stamps4u.co.uk/media/image/2b/ce/c3/PR_9430_MP_apple_open_1000X1000_600x600@2x.jpg,90,4,,0,False
Trodat,Contact Information Pocket Printy 9511,Contact Information Pocket Printy 9511 38 x 14mm,https://media.stamps4u.co.uk/media/image/e4/9d/1b/pocket_alle81BgQouaRwtyx_600x600@2x.jpg,120,4,"['38', '14']",0,False
Trodat,Eclipse (R26),Trodat Eclipse (R26) - 150 x 75 mm,https://media.stamps4u.co.uk/media/image/84/ef/02/eclipse_600x600@2x.jpg,360,1,"['150', '75']",0,False
Trodat,Eclipse (R2),Trodat Eclipse (R2) - 25 x 15 mm,https://media.stamps4u.co.uk/media/image/84/ef/02/eclipse_600x600@2x.jpg,130,3,"['25', '15']",0,False
Trodat,Mobile Printy 9412,Trodat Mobile Printy 9412 47 x 18 mm - 4 lines,https://media.stamps4u.co.uk/media/image/0a/36/72/PR_9412_MP_poppy_1000X1000_600x600@2x.jpg,90,4,"['47', '18']",0,False
Trodat,Printy 4912,Trodat Printy 4912 address stamp ( 47 x 18 mm / 4 lines ),https://media.stamps4u.co.uk/media/image/00/b8/bc/Trodat_Printy_4912_1_1000X1000_600x600@2x.jpg,140,4,"['47', '18']",0,False
Trodat,Eclipse (R15),Trodat Eclipse (R15) - 85 x 35 mm,https://media.stamps4u.co.uk/media/image/84/ef/02/eclipse_600x600@2x.jpg,240,8,"['85', '35']",0,False
Trodat,Printy 4922,Trodat Printy 4922 20 x 20 mm - 4 lines,https://media.stamps4u.co.uk/media/image/30/0a/08/4922_ch5880b9661a052_600x600@2x.jpg,90,4,,0,False
Trodat,Printy 4933,Trodat Printy 4933 25 x 25 mm - 5 lines,https://media.stamps4u.co.uk/media/image/d9/95/4f/trodat_4933_3_1000X1000_600x600@2x.jpg,120,5,,0,False
Trodat,Eclipse (R16),Trodat Eclipse (R16) - 105 x 35 mm,https://media.stamps4u.co.uk/media/image/84/ef/02/eclipse_600x600@2x.jpg,270,8,"['105', '35']",0,False
Trodat,Professional Dater 54110,Trodat Professional Dater 54110 85 x 55 mm - 5+5 lines,https://media.stamps4u.co.uk/media/image/35/9f/a2/trodat_54110_EB_1000x1000_600x600@2x.jpg,520,1,"['85', '55']",0,False
Colop,Printer 50 Microban 69,Colop Printer 50 Microban 69 x 30 mm - 7 lines,https://media.stamps4u.co.uk/media/image/70/45/d7/PR50_Microban_600x600@2x.jpg,260,7,"['69', '30']",0,False
Colop,Printer 60 Microban 76,Colop Printer 60 Microban 76 x 37 mm - 8 lines,https://media.stamps4u.co.uk/media/image/51/7b/32/PR60_Microban5768ee1fc7a86_600x600@2x.jpg,270,8,"['76', '37']",0,False
Trodat,Professional Dater 54120,Trodat Professional Dater 54120 116 x 70 mm - 6+6 lines,https://media.stamps4u.co.uk/media/image/84/53/12/Trodat_professional_54120_1_1000X1000_600x600@2x.jpg,680,1,"['116', '70']",0,False
Colop,Printer 45,Colop Printer 45 80 x 23 mm - 6 lines,https://media.stamps4u.co.uk/media/image/76/cb/de/Printer_45_black_1_1000X1000_600x600@2x.jpg,250,6,"['80', '23']",0,False
Colop,Printer R17,Colop Printer R17 17 diam. - 3 Lines,https://media.stamps4u.co.uk/media/image/0f/7a/9f/Colop_Printer_R17_black_1_600x600@2x.jpg,100,3,,0,False
Colop,Printer Q17,Colop Printer Q17 17 x 17 - 3 Lines,https://media.stamps4u.co.uk/media/image/d2/03/e4/Colop_Printer_Q17_black_1_600x600@2x.jpg,100,3,,0,False
,Customised Text Stamp Imprint 15,Customised Text Stamp Imprint 15 70 x 25 mm - 7 lines,https://media.stamps4u.co.uk/media/image/46/20/e1/dormy_15_01_600x600@2x.jpg,170,7,"['70', '25']",0,False
Trodat,Printy 4913,Trodat Printy 4913 58 x 22 mm - 6 lines,https://media.stamps4u.co.uk/media/image/25/1f/01/Trodat_Printy_4913_1_1000X100055dc9cb4e4b83_600x600@2x.jpg,170,6,"['58', '22']",0,False
Trodat,Professional 5204,Trodat Professional 5204 56 x 26 mm - 6 lines,https://media.stamps4u.co.uk/media/image/86/9e/28/Trodat_Professional_5204_neu_1_1000X1000_600x600@2x.jpg,300,6,"['56', '26']",0,False
Trodat,Professional Dater 5440,Trodat Professional Dater 5440 49 x 28 mm - 2+2 lines,https://media.stamps4u.co.uk/media/image/7d/a7/59/trodat_Professional_neu_5440_1_1000X1000_600x600@2x.jpg,350,4,"['49', '28']",0,False
Trodat,Printy Dater 4750,Trodat Printy Dater 4750 41 x 24 mm - 1+1 lines,https://media.stamps4u.co.uk/media/image/cf/eb/48/4750_P4G9WJhxRqKI1o1_600x600@2x.jpg,190,2,"['41', '24']",0,False
JustRite,31-FB,JustRite 31-FB Metal Self-inking Date Stamp - Size 35x22mm,https://media.stamps4u.co.uk/media/image/89/dd/c7/PR_MMC_JR_SI_31_FB-1000x1000_600x600@2x.jpg,450,,"['35', '22']",0,False
JustRite,31-PL,JustRite 31-PL Metal Self-inking Stamp - Size 35x22mm,https://media.stamps4u.co.uk/media/image/49/b6/52/PR_MMC_JR_SI_31_PL-1000x1000_600x600@2x.jpg,350,,"['35', '22']",0,False
JustRite,33-PL,JustRite 33-PL Metal Self-inking Stamp - Size 64x22mm,https://media.stamps4u.co.uk/media/image/c0/13/e1/PR_MMC_JR_SI_33_PL-1000x1000_600x600@2x.jpg,370,,"['64', '22']",0,False
JustRite,51-FB,JustRite 51-FB Metal Self-inking Date Stamp - Size 57x38mm,https://media.stamps4u.co.uk/media/image/3f/f2/1a/PR_MMC_JR_SI_51_FB-1000x1000CCXe9bZ3c9ijO_600x600@2x.jpg,500,,"['57', '38']",0,False
JustRite,52-PL,JustRite 52-PL Metal Self-inking Stamp - Size 38x37mm,https://media.stamps4u.co.uk/media/image/67/3d/1e/PR_MMC_JR_SI_52_PL-1000x1000_600x600@2x.jpg,400,,"['38', '37']",0,False
Trodat,Professional 5203,Trodat Professional 5203 49 x 28 mm - 6 lines,https://media.stamps4u.co.uk/media/image/5a/db/9b/trodat_Professional_neu_5203__1000X1000_600x600@2x.jpg,270,6,"['49', '28']",0,False
Trodat,Professional Dater 5431,Trodat Professional Dater 5431 41 x 24 mm - 1+1 lines,https://media.stamps4u.co.uk/media/image/b9/a0/03/trodat_Professional_neu_5431_1_1000X1000_600x600@2x.jpg,340,2,"['41', '24']",0,False
,Customised Text Stamp Imprint 12,Customised Text Stamp Imprint 12 47 x 18 mm - 5 lines,https://media.stamps4u.co.uk/media/image/6b/4c/48/dormy_12_01_600x600@2x.jpg,120,5,"['47', '18']",0,False
Trodat,Printy 4923,Trodat Printy 4923 30 x 30 mm - 6 lines,https://media.stamps4u.co.uk/media/image/0e/2d/1c/Trodat_Printy_4923_1_1000X1000_600x600@2x.jpg,160,6,,0,False
Trodat,Eclipse (R17),Trodat Eclipse (R17) - 125 x 35 mm,https://media.stamps4u.co.uk/media/image/84/ef/02/eclipse_600x600@2x.jpg,300,8,"['125', '35']",0,False
Trodat,Printy 4924,Trodat Printy 4924 40 x 40 mm - 10 lines,https://media.stamps4u.co.uk/media/image/25/65/d2/trodat_printy_4924_1_1000X1000_600x600@2x.jpg,190,1,,0,False
Trodat,Printy 4612,Trodat Printy 4612 12 mm diam. - 2 lines,https://media.stamps4u.co.uk/media/image/c5/18/d5/4612_schwarz_1_1000X1000_600x600@2x.jpg,130,2,,0,False
Colop,Classic Line Microban 2100,Colop Classic Line Microban 2100 24 x 21 mm - 6 lines,https://media.stamps4u.co.uk/media/image/dd/ce/47/colop_2100_1_1000x1000_600x600@2x.jpg,240,6,"['24', '21']",0,False
Trodat,Professional Dater 54126,Trodat Professional Dater 54126 116 x 70 mm - 6+6 lines,https://media.stamps4u.co.uk/media/image/f8/e6/f6/trodat_54126_1_1000X100058aaff1896823_600x600@2x.jpg,680,1,"['116', '70']",0,False
Colop,Classic Line Microban 2300,Colop Classic Line Microban 2300 30 x 45 mm - 7 lines,https://media.stamps4u.co.uk/media/image/8f/62/1b/colop_2300_1_1000X1000_600x600@2x.jpg,280,7,"['30', '45']",0,False
Colop,Classic Line Microban 2600,Colop Classic Line Microban 2600 37 x 58 mm - 8 lines,https://media.stamps4u.co.uk/media/image/d5/e0/e4/Colop_2600_1_1000x1000_600x600@2x.jpg,320,8,"['37', '58']",0,False
Trodat,Eclipse (R7),Trodat Eclipse (R7) - 150 x 15 mm,https://media.stamps4u.co.uk/media/image/84/ef/02/eclipse_600x600@2x.jpg,170,3,"['150', '15']",0,False
Trodat,Printy Dater 4729,Trodat Printy Dater 4729 50 x 30 mm - 3+3 lines,https://media.stamps4u.co.uk/media/image/5d/2d/4e/trodat_printy_4729_1_1000X1000_600x600@2x.jpg,210,6,"['50', '30']",0,False
Trodat,Printy Dater 4727,Trodat Printy Dater 4727 60 x 40 mm - 3+3 lines,https://media.stamps4u.co.uk/media/image/d6/b1/6b/trodat_4727_1_1000X1000_600x600@2x.jpg,280,6,"['60', '40']",0,False
Trodat,Printy Dater 4726,Trodat Printy Dater 4726 75 x 38 mm - 3+3 lines,https://media.stamps4u.co.uk/media/image/a1/a0/4a/trodat_4726_1_1000X1000_600x600@2x.jpg,300,6,"['75', '38']",0,False
Trodat,Printy 4914,Trodat Printy 4914 64 x 26 mm - 6 lines of text,https://media.stamps4u.co.uk/media/image/23/24/c7/63366_Trodat-Printy-4914_1000x1000_600x600@2x.jpg,170,6,"['64', '26']",0,False
Trodat,Goldring Smart Style,Trodat Goldring Smart Style - black,https://media.stamps4u.co.uk/media/image/d2/52/72/GO3N58808aa498b88_600x600@2x.jpg,270,2,,0,False
Trodat,Goldring Smart Style,Trodat Goldring Smart Style - chrome,https://media.stamps4u.co.uk/media/image/e3/67/49/GO3C5489979e44f0058808a5d49300_600x600@2x.jpg,270,2,,0,False
Trodat,Pocket Printy 9511,Trodat Pocket Printy 9511 38 x 14mm,https://media.stamps4u.co.uk/media/image/e4/9d/1b/pocket_alle81BgQouaRwtyx_600x600@2x.jpg,120,4,"['38', '14']",0,False
Trodat,Pocket Printy 9512,Trodat Pocket Printy 9512 47 x 18mm,https://media.stamps4u.co.uk/media/image/3a/33/d9/pocket_9512_alle_UK_02_600x600@2x.jpg,140,5,"['47', '18']",0,False
,Personalised Pigeon Wing Stamp,Personalised Pigeon Wing Stamp - 55 x 15 mm,https://media.stamps4u.co.uk/media/image/2e/25/9f/Feather-sample-2_600x600@2x.jpg,80,3,"['55', '15']",0,False
Trodat,Eclipse (R3),Trodat Eclipse (R3) - 55 x 15 mm,https://media.stamps4u.co.uk/media/image/84/ef/02/eclipse_600x600@2x.jpg,140,3,"['55', '15']",0,False
Trodat,Eclipse (R18),Trodat Eclipse (R18) - 150 x 35 mm,https://media.stamps4u.co.uk/media/image/84/ef/02/eclipse_600x600@2x.jpg,330,8,"['150', '35']",0,False
Trodat,Printy 46019,Trodat Printy 46019 19 mm diam. - 4 lines,https://media.stamps4u.co.uk/media/image/2a/e3/59/trodat_46019_1_red_1000X10005880b4cf422c1_600x600@2x.jpg,100,4,,0,False
Trodat,Eclipse (R9),Trodat Eclipse (R9) - 55 x 25 mm,https://media.stamps4u.co.uk/media/image/84/ef/02/eclipse_600x600@2x.jpg,170,5,"['55', '25']",0,False
Trodat,Printy 4925,Trodat Printy 4925 82 x 25 mm - 6 lines,https://media.stamps4u.co.uk/media/image/cd/60/3e/trodat_printy_4925_1_1000X1000_600x600@2x.jpg,230,6,"['82', '25']",0,False
Trodat,Printy Double Dater 4816,Trodat Printy Double Dater 4816/PL,https://media.stamps4u.co.uk/media/image/9e/3e/d1/165648-Printy-4816-with-impression-1000x1000_600x600@2x.jpg,270,2,,0,False
Trodat,Professional 5211,Trodat Professional 5211 85 x 55 mm - 12 lines,https://media.stamps4u.co.uk/media/image/df/86/66/trodat_5211_1_1000X1000_600x600@2x.jpg,520,1,"['85', '55']",0,False
Colop,Classic Line Microban 2800,Colop Classic Line Microban 2800 49 x 68 mm - 10 lines,https://media.stamps4u.co.uk/media/image/47/98/83/colop_2800_1_1000X1000_600x600@2x.jpg,410,1,"['49', '68']",0,False
Trodat,Printy 4915,Trodat Printy 4915 70 x 25 mm - 6 lines,https://media.stamps4u.co.uk/media/image/c3/c3/a0/Trodat_Printy_4915_1_1000X1000_600x600@2x.jpg,200,6,"['70', '25']",0,False
Trodat,Printy Dater 4724,Trodat Printy Dater 4724 40 x 40 mm - 3+3 lines,https://media.stamps4u.co.uk/media/image/a4/eb/35/trodat_4724_1_1000X1000_600x600@2x.jpg,220,6,,0,False
Trodat,Printy Dater 43132,Trodat Printy Dater 43132 32 x 32 mm - 2+2 lines,https://media.stamps4u.co.uk/media/image/bf/c2/39/4313258809492dff27_600x600@2x.jpg,200,4,,0,False
Trodat,Printy Dater 4813,Trodat Printy Dater 4813 26 x 9 mm - 1 or 2 lines,https://media.stamps4u.co.uk/media/image/44/a1/99/trodat_prinry_4813_1_1000X1000_600x600@2x.jpg,140,2,"['26', '9']",0,False
Trodat,Printy Dater 4850,Trodat Printy Dater 4850 25 x 5 mm - 1 line + date,https://media.stamps4u.co.uk/media/image/25/81/0e/11659-Printy-4850-NEW_600x600@2x.jpg,140,1,"['25', '5']",0,False
Trodat,Professional 52045,Trodat Professional 52045 - Circle 40mm dia,https://media.stamps4u.co.uk/media/image/9e/c2/e4/160394-52045-1000x1000_600x600@2x.jpg,420,1,,0,False
Trodat,Professional 52045,Trodat Professional 52045 - Circle 42mm dia,https://media.stamps4u.co.uk/media/image/9e/c2/e4/160394-52045-1000x1000_600x600@2x.jpg,420,1,,0,False
Trodat,Professional 52045,Trodat Professional 52045 - Circle 45mm dia,https://media.stamps4u.co.uk/media/image/9e/c2/e4/160394-52045-1000x1000_600x600@2x.jpg,420,1,,0,False
Trodat,Professional 52045,Trodat Professional 52045 - Oval 45x30mm,https://media.stamps4u.co.uk/media/image/9e/c2/e4/160394-52045-1000x1000_600x600@2x.jpg,420,1,"['45', '30']",0,False
Trodat,Professional 5212,Trodat Professional 5212 116 x 70 mm - 14 lines,https://media.stamps4u.co.uk/media/image/3c/75/51/5212_1_1000X1000_600x600@2x.jpg,570,1,"['116', '70']",0,False
Trodat,Eclipse (R10),Trodat Eclipse (R10) - 85 x 25 mm,https://media.stamps4u.co.uk/media/image/84/ef/02/eclipse_600x600@2x.jpg,200,5,"['85', '25']",0,False
Trodat,Printy Dater 46119,Trodat Printy Dater 46119 19 mm diam. - 1+1 line,https://media.stamps4u.co.uk/media/image/b3/76/06/trodat_46119_1_1000X1000_600x600@2x.jpg,150,2,,0,False
Trodat,Printy Dater 46125,Trodat Printy Dater 46125 25 mm diam. - 2+2 lines,https://media.stamps4u.co.uk/media/image/fa/9a/8d/Trodat-Printy-46125-14087-Main-2_600x600@2x.jpg,160,4,,0,False
Trodat,Printy Dater 46130,Trodat Printy Dater 46130 30 mm diam. - 2+2 lines,https://media.stamps4u.co.uk/media/image/a5/8a/13/Trodat_46130_1_600x600@2x.jpg,200,4,,0,False
Trodat,Printy Dater 46140,Trodat Printy Dater 46140 40 mm diam. - 3+3 lines,https://media.stamps4u.co.uk/media/image/a8/8f/4d/trodat_46140_1_1000X1000_600x600@2x.jpg,230,6,,0,False
Trodat,Professional Dater 54045,Trodat Professional Dater 54045 - Circle 40mm dia,https://media.stamps4u.co.uk/media/image/84/65/a3/54045-1000x1000_600x600@2x.jpg,510,8,,0,False
Trodat,Professional Dater 54045,Trodat Professional Dater 54045 - Circle 42mm dia,https://media.stamps4u.co.uk/media/image/84/65/a3/54045-1000x1000_600x600@2x.jpg,510,8,,0,False
Trodat,Professional Dater 54045,Trodat Professional Dater 54045 - Circle 45mm dia,https://media.stamps4u.co.uk/media/image/84/65/a3/54045-1000x1000_600x600@2x.jpg,510,8,,0,False
Trodat,Professional Dater 54045,Trodat Professional Dater 54045 - Oval 40x30mm,https://media.stamps4u.co.uk/media/image/84/65/a3/54045-1000x1000_600x600@2x.jpg,510,8,"['40', '30']",0,False
Trodat,Eclipse (R4),Trodat Eclipse (R4) - 85 x 15 mm,https://media.stamps4u.co.uk/media/image/84/ef/02/eclipse_600x600@2x.jpg,150,3,"['85', '15']",0,False
Trodat,Professional 5205,Trodat Professional 5205 70 x 25 mm - 6 lines,https://media.stamps4u.co.uk/media/image/77/d9/09/trodat_5205_1_1000X1000_600x600@2x.jpg,300,6,"['70', '25']",0,False
Trodat,Professional Dater 5460,Trodat Professional Dater 5460 56 x 33 mm - 3+3 lines,https://media.stamps4u.co.uk/media/image/c3/aa/17/Trodat_Professional_5460_neu_1_1000X10005848001be3737_600x600@2x.jpg,380,6,"['56', '33']",0,False
Trodat,Professional Dater 54045,Trodat Professional Dater 54045 - Oval 45x30mm,https://media.stamps4u.co.uk/media/image/84/65/a3/54045-1000x1000_600x600@2x.jpg,510,8,"['45', '30']",0,False
Trodat,Professional Numberer 55510PL,"Trodat Professional Numberer 55510PL - 10 bands, 2+2 lines",https://media.stamps4u.co.uk/media/image/0c/51/c6/trodat_Professional_neu_55510_1_1000X1000_600x600@2x.jpg,490,4,,0,False
Trodat,Professional Numberer 5558PL,"Trodat Professional Numberer 5558PL - 8 bands, 2+2 lines",https://media.stamps4u.co.uk/media/image/7f/0a/d4/trodat_Professional_neu_5558_1_1000X1000_600x600@2x.jpg,420,4,,0,False
Trodat,Printy 4910,Trodat Printy 4910 26 x 9 mm - 2 lines,https://media.stamps4u.co.uk/media/image/d5/3c/2b/PR_4910_P4_ecoblack_600x600@2x.jpg,100,2,"['26', '9']",0,False
,Customised Text Stamp Imprint 13,Customised Text Stamp Imprint 13 58 x 22 mm - 6 lines,https://media.stamps4u.co.uk/media/image/22/d8/e1/dormy_13_01_600x600@2x.jpg,140,6,"['58', '22']",0,False
Trodat,Eclipse (R5),Trodat Eclipse (R5) - 105 x 15 mm,https://media.stamps4u.co.uk/media/image/84/ef/02/eclipse_600x600@2x.jpg,150,3,"['105', '15']",0,False
,Customised Text Stamp Imprint 11,Customised Text Stamp Imprint 11 37 x 14 mm - 4 lines,https://media.stamps4u.co.uk/media/image/45/ca/47/dormy_11_01_600x600@2x.jpg,100,4,"['37', '14']",0,False
Trodat,Doctor & Nurse Printy Stamp 4911,Doctor & Nurse Printy Stamp 4911 38 x 14 mm - 3 lines,https://media.stamps4u.co.uk/media/image/bc/49/2a/Trodat_Printy_4911_1_1000X1000Ye3kZL87A03Xf_600x600@2x.jpg,120,,"['38', '14']",0,False
Trodat,Eclipse (R1),Trodat Eclipse (R1) - 85 x 6 mm,https://media.stamps4u.co.uk/media/image/84/ef/02/eclipse_600x600@2x.jpg,130,1,"['85', '6']",0,False
Trodat,Printy Dater 4750L1,Trodat Printy Dater 4750L1 - Received,https://media.stamps4u.co.uk/media/image/55/15/b3/4750_P4_600x600@2x.jpg,140,2,,0,False
Trodat,Printy dater 4750,Trodat Printy dater 4750L - Checked,https://media.stamps4u.co.uk/media/image/25/89/a9/4750_P4DgOeFSx5onoZX_600x600@2x.jpg,140,2,,0,False
Trodat,Printy Dater 4750L2,Trodat Printy Dater 4750L2 - Paid,https://media.stamps4u.co.uk/media/image/g0/48/cf/4750_P4kMkEdqeOnFG3i_600x600@2x.jpg,140,2,,0,False
Trodat,Classic Line 15126,"Trodat Classic Line 15126 Numberer - 12 mm, 6 bands",https://media.stamps4u.co.uk/media/image/44/c3/64/trodat_15126_1_1000x1000_600x600@2x.jpg,300,1,,0,False
Trodat,Printy Typo 4926,Trodat Printy Typo 4926 - up to 8 lines of text,https://media.stamps4u.co.uk/media/image/bb/1e/a2/trodat_printy_4926_3_1000X100055dc918c4a05d_600x600@2x.jpg,200,8,,0,False
Trodat,Classic Line 15158,"Trodat Classic Line 15158 Numberer - 15 mm, 8 bands",https://media.stamps4u.co.uk/media/image/59/35/02/trodat_15158_1_1000x1000_600x600@2x.jpg,380,1,,0,False
Trodat,Classic Line 15154,"Trodat Classic Line 15154 Numberer - 15 mm, 4 bands",https://media.stamps4u.co.uk/media/image/79/b6/5c/trodat_15184_1_1000x1000555c557295e1b_600x600@2x.jpg,250,1,,0,False
Trodat,Classic Line 15156,"Trodat Classic Line 15156 Numberer - 15 mm, 6 bands",https://media.stamps4u.co.uk/media/image/e1/18/bf/trodat_15156_1_1000x1000_600x600@2x.jpg,280,1,,0,False
Trodat,Printy Typo 4927,Trodat Printy Typo 4927 - up to 8 lines of text,https://media.stamps4u.co.uk/media/image/ef/9e/69/4927typoblau_600x600@2x.jpg,180,8,,0,False
Trodat,Professional Line 5440,Trodat Professional Line 5440L - Received/paid/faxed/ posted + 4 mm date,https://media.stamps4u.co.uk/media/image/8e/b1/39/trodat_Professional_neu_5440_1_1000X1000596f44a31f233_600x600@2x.jpg,280,2,,0,False
Trodat,Printy Mini Dater 4850L1,Trodat Printy Mini Dater 4850L1 - RECEIVED,https://media.stamps4u.co.uk/media/image/a9/7c/cd/11659-Printy-4850-NEWcraLWLdckXKhe_600x600@2x.jpg,110,1,,0,False
Trodat,Classic Line 15184,"Trodat Classic Line 15184 Numberer - 18 mm, 4 bands",https://media.stamps4u.co.uk/media/image/1a/f0/4b/trodat_15184_1_1000x1000_600x600@2x.jpg,300,1,,0,False
Trodat,Classic Line 15186,"Trodat Classic Line 15186 Numberer - 18 mm, 6 bands",https://media.stamps4u.co.uk/media/image/03/00/41/trodat_15186_1_1000x1000_600x600@2x.jpg,320,1,,0,False
Trodat,Printy 4.0 Typo 4911,Trodat Printy 4.0 Typo 4911 - up to 3 lines of text,https://media.stamps4u.co.uk/media/image/0e/70/e1/4911typo_600x600@2x.jpg,100,3,,0,False
Trodat,Classic 1117,Trodat Classic 1117 - 4 mm date + choice of 12 words,https://media.stamps4u.co.uk/media/image/bf/f8/e0/11175881d99533fa6_600x600@2x.jpg,70,1,,0,False
Trodat,Classic Line 1544,"Trodat Classic Line 1544 Numberer - 4 mm, 4 bands",https://media.stamps4u.co.uk/media/image/00/ea/f1/Trodat_1544_1_1000x1000_600x600@2x.jpg,50,1,,0,False
Trodat,Classic Line 1548,"Trodat Classic Line 1548 Numberer - 4 mm, 8 bands",https://media.stamps4u.co.uk/media/image/ec/96/bf/trodat_1548_1_1000x1000_600x600@2x.jpg,70,1,,0,False
Trodat,Classic Line 1558,"Trodat Classic Line 1558 Numberer - 5 mm, 8 bands",https://media.stamps4u.co.uk/media/image/d0/9f/40/trodat_1558_1_1000x1000_600x600@2x.jpg,80,1,,0,False
Trodat,Typomatic Printy 4750,Trodat Typomatic Printy 4750 - 2 lines of text + 4 mm date,https://media.stamps4u.co.uk/media/image/2a/75/28/140030-New-Printy-4750-Typo-P4-Typeset-Twezzers_600x600@2x.jpg,140,4,,0,False
Trodat,5756-P,Trodat 5756-P Automatic Numberer - Plastic Frame 5.5 mm,https://media.stamps4u.co.uk/media/image/2b/a2/a6/trodat-5756_600x600@2x.jpg,450,,,0,False
Trodat,EcoPrinty 4850L2,Trodat EcoPrinty 4850L2 - Paid + 3.8 mm date,https://media.stamps4u.co.uk/media/image/ec/16/51/11659-Printy-4850-NEWIWhmr4t7xFarT_600x600@2x.jpg,110,1,,0,False
Trodat,EcoPrinty 4850L9,Trodat EcoPrinty 4850L9 - Faxed + 3.8 mm date,https://media.stamps4u.co.uk/media/image/0f/6d/e4/4850Hal2Brpu66Wqr_600x600@2x.jpg,110,1,,0,False
Trodat,Classic Line 1117,Trodat Classic Line 1117/L - 4 mm date + choice of 12 words,https://media.stamps4u.co.uk/media/image/aa/9e/8d/11175881e3e955d47_600x600@2x.jpg,70,1,,0,False
Trodat,Classic Line 1546,"Trodat Classic Line 1546 Numberer - 4 mm, 6 bands",https://media.stamps4u.co.uk/media/image/50/2a/8c/Trodat_1546_1_1000x1000_600x600@2x.jpg,50,1,,0,False
Trodat,Printy 4.0 Typo 4912,Trodat Printy 4.0 Typo 4912 - up to 4 lines of text,https://media.stamps4u.co.uk/media/image/60/05/c3/4912typo_600x600@2x.jpg,130,4,,0,False
Trodat,Printy 4800,Trodat Printy 4800 Date Stamp - 3 mm,https://media.stamps4u.co.uk/media/image/07/ec/7a/trodat_4800_1_1000X1000_600x600@2x.jpg,70,1,,0,False
Trodat,Classic Line 1556,"Trodat Classic Line 1556 Numberer - 5 mm, 6 bands",https://media.stamps4u.co.uk/media/image/1b/88/5d/trodat_1556_1_1000x1000_600x600@2x.jpg,60,1,,0,False
Trodat,Classic Line 1554,"Trodat Classic Line 1554 Numberer - 5 mm, 4 bands",https://media.stamps4u.co.uk/media/image/b8/fa/3c/trodat_1554_1_1000x1000_600x600@2x.jpg,50,1,,0,False
Trodat,Classic Line 15412,"Trodat Classic Line 15412 Numberer - 4 mm, 12 bands",https://media.stamps4u.co.uk/media/image/4d/32/a1/trodat_15412_1_1000x1000_600x600@2x.jpg,120,1,,0,False
Trodat,Classic Line 15512,"Trodat Classic Line 15512 Numberer - 5 mm, 12 bands",https://media.stamps4u.co.uk/media/image/4d/f3/d4/trodat_15512_1_1000x1000_600x600@2x.jpg,120,1,,0,False
Trodat,Professional Dater 5030,Trodat Professional Dater 5030,https://media.stamps4u.co.uk/media/image/de/fb/7e/trodat_Professional_neu_5030_1_1000X100059bfac75beab7_600x600@2x.jpg,140,1,,0,False
Trodat,Printy Double Dater 4816,Trodat Printy Double Dater 4816,https://media.stamps4u.co.uk/media/image/ca/fe/e9/4816_600x600@2x.jpg,140,1,,0,False
,Reiner Automatic Numbering Machine B6,Reiner Automatic Numbering Machine B6K,https://media.stamps4u.co.uk/media/image/97/32/f7/reiner_b6k_1_1000X1000_600x600@2x.jpg,520,,,0,False
,Reiner Automatic Numbering Machine B6,Reiner Automatic Numbering Machine B6,https://media.stamps4u.co.uk/media/image/ac/78/bc/reiner_b6_1_1000X1000_600x600@2x.jpg,560,,,0,False
Trodat,Printy Dater 4817,Trodat Printy Dater 4817,https://media.stamps4u.co.uk/media/image/b5/08/85/trodat_prinry_4817_1_1000X1000_600x600@2x.jpg,100,1,,0,False
Trodat,Professional Numberer 5558,Trodat Professional Numberer 5558,https://media.stamps4u.co.uk/media/image/18/3a/41/trodat_Professional_neu_5558_1_1000X100059bfade2c2208_600x600@2x.jpg,200,1,,0,False
Trodat,Classic 2910,Trodat Classic 2910 Time & Date Stamp 24Hr - Received + 4 mm date & time,https://media.stamps4u.co.uk/media/image/61/c8/32/trodat_2910_U1_12_1_1000X1000_600x600@2x.jpg,200,3,,0,False
Trodat,Printy 4.0 Typo 4913,Trodat Printy 4.0 Typo 4913 - up to 5 lines of text,https://media.stamps4u.co.uk/media/image/e6/92/02/4913typo_600x600@2x.jpg,140,5,,0,False
Trodat,Classic Line 15510,"Trodat Classic Line 15510 Numberer - 5 mm, 10 bands",https://media.stamps4u.co.uk/media/image/1e/18/fd/trodat_15510_1_1000x1000_600x600@2x.jpg,110,1,,0,False
Trodat,Classic Line 15514,"Trodat Classic Line 15514 Numberer - 5 mm, 14 bands",https://media.stamps4u.co.uk/media/image/33/7d/cd/trodat_15514_1_1000x1000_600x600@2x.jpg,160,1,,0,False
Trodat,Classic Line 1574,"Trodat Classic Line 1574 Numberer - 7 mm, 4 bands",https://media.stamps4u.co.uk/media/image/c0/f0/11/trodat_1574_1_1000x1000_600x600@2x.jpg,110,1,,0,False
Trodat,Classic Line 1576,"Trodat Classic Line 1576 Numberer - 7 mm, 6 bands",https://media.stamps4u.co.uk/media/image/95/27/0a/trodat_1576_1_1000x1000_600x600@2x.jpg,110,1,,0,False
Colop,Microban  Printer 20,Microban Colop Printer 20/L - Received,https://media.stamps4u.co.uk/media/image/5b/fd/3d/PR20L_received_EN_600x600@2x.jpg,80,,,0,False
Colop,Printer 20,Colop Printer 20/1 Do-it-yourself Set - up to 4 lines of text,https://media.stamps4u.co.uk/media/image/b3/a8/f4/PR20-1_Set561bb52fe66e8_600x600@2x.jpg,120,4,,0,False
Colop,Printer 30,Colop Printer 30/2 Do-it-yourself Set - up to 5 lines of text,https://media.stamps4u.co.uk/media/image/10/d7/03/PR30-2_Set_600x600@2x.jpg,150,5,,0,False
Colop,Printer Mini-Dater S12,Colop Printer Mini-Dater S120,https://media.stamps4u.co.uk/media/image/3a/3f/20/colop_s_120_1_1000X1000_600x600@2x.jpg,70,1,,0,False
Trodat,Printy Dater 4820,Trodat Printy Dater 4820,https://media.stamps4u.co.uk/media/image/36/94/d8/trodat_4820_1_1000X1000_600x600@2x.jpg,70,1,,0,False
Trodat,Professional Dater 5117,Trodat Professional Dater 5117,https://media.stamps4u.co.uk/media/image/cf/9e/e7/trodat_Professional_neu_5117_1_1000X1000_600x600@2x.jpg,280,1,,0,False
Trodat,Printy 4822,Trodat Printy 4822 Multi Word Stamp,https://media.stamps4u.co.uk/media/image/bc/ae/b9/Trodat_Printy_4822_1_1000X1000_600x600@2x.jpg,70,1,,0,False
Trodat,Printy mini dater 4810,Trodat Printy mini dater 4810 - 3.8 mm,https://media.stamps4u.co.uk/media/image/84/dd/97/70169-Printy-4810-Main-NEW_600x600@2x.jpg,60,1,,0,False
Trodat,Professional Numberer 55510,Trodat Professional Numberer 55510,https://media.stamps4u.co.uk/media/image/67/1f/45/trodat_Professional_neu_55510_1_1000X100059bfae57007ab_600x600@2x.jpg,210,1,,0,False
Trodat,Classic Line 1578,"Trodat Classic Line 1578 Numberer - 7 mm, 8 bands",https://media.stamps4u.co.uk/media/image/9b/39/a0/trodat_1578_1_1000x1000_600x600@2x.jpg,140,1,,0,False
Trodat,Classic Line 1594,"Trodat Classic Line 1594 Numberer - 9 mm, 4 bands",https://media.stamps4u.co.uk/media/image/aa/9c/55/trodat_1594_1_1000x1000_600x600@2x.jpg,110,1,,0,False
Trodat,Classic Line 1596,"Trodat Classic Line 1596 Numberer - 9 mm, 6 bands",https://media.stamps4u.co.uk/media/image/1c/72/62/trodat_1596_1_1000x1000_600x600@2x.jpg,120,1,,0,False
Trodat,Classic Line 1598,"Trodat Classic Line 1598 Numberer - 9 mm, 8 bands",https://media.stamps4u.co.uk/media/image/e6/4a/16/trodat_1598_1_1000x1000_600x600@2x.jpg,170,1,,0,False
Colop,Printer Mini-Dater S160/L1,Colop Printer Mini-Dater S160/L1 - Received,https://media.stamps4u.co.uk/media/image/16/61/b0/S160L1_RECEIVED__122273_en_600x600@2x.jpg,120,2,,0,False
Colop,Printer Mini-Dater S160/L2,Colop Printer Mini-Dater S160/L2 - Paid,https://media.stamps4u.co.uk/media/image/3f/e5/a9/S160L2_PAID_en_600x600@2x.jpg,120,2,,0,False
Colop,Printer Mini-Info-Dater S12,Colop Printer Mini-Info-Dater S120/WD,https://media.stamps4u.co.uk/media/image/d8/ec/9b/S120WD__122263_en_600x600@2x.jpg,110,1,,0,False
Colop,Printer S26,Colop Printer S260 Do-it-yourself Set - 2 lines of text + 4 mm date,https://media.stamps4u.co.uk/media/image/96/6c/6b/S260_Set_600x600@2x.jpg,210,2,,0,False
Trodat,Professional Numberer 5546,Trodat Professional Numberer 5546,https://media.stamps4u.co.uk/media/image/70/12/d7/trodat_Professional_neu_5546_1_1000X1000_600x600@2x.jpg,160,1,,0,False
Trodat,Printy Dater 4750,Trodat Printy Dater 4750L - Paid by BACS on,https://media.stamps4u.co.uk/media/image/90/b3/b6/4750_P4W9YkYL26p5iLZ_600x600@2x.jpg,140,2,,0,False
Trodat,Printy Numberer 4846,Trodat Printy Numberer 4846,https://media.stamps4u.co.uk/media/image/33/67/73/trodat_4846_1_1000X1000_600x600@2x.jpg,70,1,,0,False
Trodat,Printy Typo 4929,Trodat Printy Typo 4929 - up to 6 lines of text,https://media.stamps4u.co.uk/media/image/5c/b4/d5/4929_typo_600x600@2x.jpg,180,6,,0,False
Trodat,5756-M,Trodat 5756-M Automatic Numberer - Metal Frame 5.5 mm,https://media.stamps4u.co.uk/media/image/9c/ac/e9/5756m_600x600@2x.jpg,480,,,0,False
Trodat,Classic Line 15910,"Trodat Classic Line 15910 Numberer - 9 mm, 10 bands",https://media.stamps4u.co.uk/media/image/80/7c/03/trodat_15910_1_1000x1000_600x600@2x.jpg,210,1,,0,False
Trodat,Classic Line 15912,"Trodat Classic Line 15912 Numberer - 9 mm, 12 bands",https://media.stamps4u.co.uk/media/image/6e/4d/7e/trodat_15912_1_1000x1000_600x600@2x.jpg,240,1,,0,False
Trodat,Classic Line 15124,"Trodat Classic Line 15124 Numberer - 12 mm, 4 bands",https://media.stamps4u.co.uk/media/image/df/7a/54/trodat_15124_1_1000x1000_600x600@2x.jpg,250,1,,0,False
Trodat,Classic Line 15128,"Trodat Classic Line 15128 Numberer - 12 mm, 8 bands",https://media.stamps4u.co.uk/media/image/6d/19/7a/trodat_15158_1_1000x1000555c55f719d10_600x600@2x.jpg,280,1,,0,False
Trodat,Replacement Pad 6/4911,Trodat Replacement Pad 6/4911 - pack of 2,https://media.stamps4u.co.uk/media/image/34/68/5a/Stempelkissen_6_4911_black_1000X1000546e0fc4437bd_600x600@2x.jpg,30,,,0,False
Trodat,Replacement Pad 6/4912,Trodat Replacement Pad 6/4912 - pack of 2,https://media.stamps4u.co.uk/media/image/da/88/2d/Stempelkissen_6_4912_black_1000X1000_600x600@2x.jpg,30,,,0,False
Trodat,Replacement Pad 6/4913,Trodat Replacement Pad 6/4913 - pack of 2,https://media.stamps4u.co.uk/media/image/c4/49/3e/Stempelkissen_6_4913_black_1000X1000_600x600@2x.jpg,30,,,0,False
Trodat,Replacement Pad 6/4921,Trodat Replacement Pad 6/4921 - pack of 2,https://media.stamps4u.co.uk/media/image/06/ac/d0/Stempelkissen_6_4921_black_1000x1000_600x600@2x.jpg,30,,,0,False
Trodat,Replacement Pad 6/4750,Trodat Replacement Pad 6/4750 - pack of 2,https://media.stamps4u.co.uk/media/image/2a/54/8e/Stempelkissen_6_4750_black_1000X1000_600x600@2x.jpg,30,,,0,False
Trodat,Replacement Pad 6/46040,Trodat Replacement Pad 6/46040 - pack of 2,https://media.stamps4u.co.uk/media/image/4c/fb/ac/Stempelkissen_6_46040_black_1000X1000_600x600@2x.jpg,40,,,0,False
Trodat,Replacement Pad 6/4926,Trodat Replacement Pad 6/4926 - pack of 2,https://media.stamps4u.co.uk/media/image/ec/a8/b4/Stempelkissen_6_4926_black_1000X1000_600x600@2x.jpg,30,,,0,False
Trodat,Replacement Pad 6/4910,Trodat Replacement Pad 6/4910 - pack of 2,https://media.stamps4u.co.uk/media/image/b7/2f/2c/Stempelkissen_6_4910_black_1000X1000_600x600@2x.jpg,30,,,0,False
Trodat,Replacement Pad 6/4642,Trodat Replacement Pad 6/4642 - pack of 2,https://media.stamps4u.co.uk/media/image/4c/fb/ac/Stempelkissen_6_46040_black_1000X1000_600x600@2x.jpg,60,,,0,False
Trodat,Replacement Pad 6/46030,Trodat Replacement Pad 6/46030 - pack of 2,https://media.stamps4u.co.uk/media/image/d8/5b/7f/Stempelkissen_6_46030_black_1000X1000_600x600@2x.jpg,30,,,0,False
Trodat,Replacement Pad 6/43032,Trodat Replacement Pad 6/43032,https://media.stamps4u.co.uk/media/image/51/0b/cb/83453-Stamp-Pad-Blue_600x600@2x.jpg,20,,,0,False
Trodat,Replacement Pad 6/9512,Trodat Replacement Pad 6/9512 - pack of 2,https://media.stamps4u.co.uk/media/image/32/88/0d/PR_InkC_6_9511_PP_standard_black_1000X1000_600x600@2x.jpg,30,,,0,False
Trodat,Replacement Pad 6/4923,Trodat Replacement Pad 6/4923 - pack of 2,https://media.stamps4u.co.uk/media/image/a3/b1/99/Stempelkissen_6_4923_black_1000X1000_600x600@2x.jpg,30,,,0,False
Trodat,Replacement Pad 6/4915,Trodat Replacement Pad 6/4915 - pack of 2,https://media.stamps4u.co.uk/media/image/81/25/4d/Stempelkissen_6_4915_black_1000X1000_600x600@2x.jpg,40,,,0,False
Trodat,Replacement Pad 6/5756,Trodat Replacement Pad 6/5756 - pack of 5,https://media.stamps4u.co.uk/media/image/eb/ba/ae/PR_6_5756_Pad_600x600@2x.jpg,110,,,0,False
Trodat,Replacement Pad 6/4850,Trodat Replacement Pad 6/4850 - pack of 2,https://media.stamps4u.co.uk/media/image/b7/0d/79/Stempelkissen_6_4850_black_1000X1000_600x600@2x.jpg,30,,,0,False
Trodat,Replacement Pad 6/4928,Trodat Replacement Pad 6/4928 - pack of 2,https://media.stamps4u.co.uk/media/image/25/be/24/Stempelkissen_6_4928_black_1000X1000_600x600@2x.jpg,30,,,0,False
Trodat,Replacement Pad 6/4925,Trodat Replacement Pad 6/4925 - pack of 2,https://media.stamps4u.co.uk/media/image/e2/99/16/Stempelkissen_6_4925_black_1000X1000_600x600@2x.jpg,30,,,0,False
Trodat,Replacement Pad 6/9411,Trodat Replacement Pad 6/9411 - pack of 2,https://media.stamps4u.co.uk/media/image/76/ca/fb/Stempelkissen_6_9411_black_1000X1000_600x600@2x.jpg,30,,,0,False
Trodat,Replacement Pad 6/9430,Trodat Replacement Pad 6/9430 - pack of 2,https://media.stamps4u.co.uk/media/image/e7/32/b1/Stempelkissen_6_9430_black_1000X1000_600x600@2x.jpg,30,,,0,False
Trodat,Replacement Pad 6/46025,Trodat Replacement Pad 6/46025 - pack of 2,https://media.stamps4u.co.uk/media/image/6d/d8/b2/Stempelkissen_6_46025_black_1000X1000_600x600@2x.jpg,30,,,0,False
Trodat,Replacement Pad 6/4929,Trodat Replacement Pad 6/4929 - pack of 2,https://media.stamps4u.co.uk/media/image/1c/cc/d7/Stempelkissen_6_4929_black_1000X1000_600x600@2x.jpg,30,,,0,False
Trodat,Replacement Pad 6/4918,Trodat Replacement Pad 6/4918 - pack of 2,https://media.stamps4u.co.uk/media/image/dc/eb/93/Stempelkissen_6_4918_black_1000X1000_600x600@2x.jpg,30,,,0,False
Trodat,Replacement Pad 6/4908,Trodat Replacement Pad 6/4908 - pack of 2,https://media.stamps4u.co.uk/media/image/1c/ca/99/Stempelkissen_6_4908_black_1000x1000546e1529a1f1b_600x600@2x.jpg,30,,,0,False
Trodat,Replacement Pad 6/46019,Trodat Replacement Pad 6/46019 - pack of 2,https://media.stamps4u.co.uk/media/image/fe/5d/88/Stempelkissen_6_46019_black_1000X1000_600x600@2x.jpg,30,,,0,False
Trodat,Replacement Pad 6/4927,Trodat Replacement Pad 6/4927 - pack of 2,https://media.stamps4u.co.uk/media/image/63/3a/1c/Stempelkissen_6_4927_black_1000X1000_600x600@2x.jpg,30,,,0,False
Trodat,Replacement Pad 6/4922,Trodat Replacement Pad 6/4922 - pack of 2,https://media.stamps4u.co.uk/media/image/23/5e/8a/Stempelkissen_6_4922_black_1000X1000_600x600@2x.jpg,30,,,0,False
Trodat,Replacement Pad 6/4638,Trodat Replacement Pad 6/4638 - pack of 2,https://media.stamps4u.co.uk/media/image/4c/fb/ac/Stempelkissen_6_46040_black_1000X1000_600x600@2x.jpg,40,,,0,False
Trodat,Replacement Pad 6/4907,Trodat Replacement Pad 6/4907 - pack of 2,https://media.stamps4u.co.uk/media/image/1c/ca/99/Stempelkissen_6_4908_black_1000x1000546e1529a1f1b_600x600@2x.jpg,30,,,0,False
Colop,Replacement Pad E/2100,Colop Replacement Pad E/2100,https://media.stamps4u.co.uk/media/image/da/e3/f9/Colop_E_2100_black_1000X1000_600x600@2x.jpg,30,,,0,False
Colop,Replacement Pad E/2600,Colop Replacement Pad E/2600,https://media.stamps4u.co.uk/media/image/79/41/32/Colop_E_2600_Black_1000X1000_600x600@2x.jpg,40,,,0,False
Trodat,Replacement Pad 6/4924,Trodat Replacement Pad 6/4924 - pack of 2,https://media.stamps4u.co.uk/media/image/4f/b6/2d/Stempelkissen_6_4924_black_1000X1000_600x600@2x.jpg,40,,,0,False
Trodat,Replacement Pad 6/4916,Trodat Replacement Pad 6/4916 - pack of 2,https://media.stamps4u.co.uk/media/image/f1/96/81/Stempelkissen_6_4916_black_1000X1000_600x600@2x.jpg,30,,,0,False
Trodat,Replacement Pad 6/4817,Trodat Replacement Pad 6/4817 - pack of 2,https://media.stamps4u.co.uk/media/image/70/06/eb/Stempelkissen_6_4817_black_1000X1000q47K30KBa8yu5_600x600@2x.jpg,40,,,0,False
Trodat,Replacement Pad 6/4612,Trodat Replacement Pad 6/4612 - pack of 2,https://media.stamps4u.co.uk/media/image/fe/5d/88/Stempelkissen_6_46019_black_1000X1000_600x600@2x.jpg,30,,,0,False
Trodat,Replacement Pad 6/9511,Trodat Replacement Pad 6/9511 - pack of 2,https://media.stamps4u.co.uk/media/image/32/88/0d/PR_InkC_6_9511_PP_standard_black_1000X1000_600x600@2x.jpg,30,,,0,False
Colop,Replacement Pad ER17,Colop Replacement Pad ER17,https://media.stamps4u.co.uk/media/image/a8/6b/79/Colop-R17-Black-13826_600x600@2x.jpg,20,,,0,False
Trodat,Replacement Pad 6/4630,Trodat Replacement Pad 6/4630 - pack of 2,https://media.stamps4u.co.uk/media/image/d8/5b/7f/Stempelkissen_6_46030_black_1000X1000_600x600@2x.jpg,30,,,0,False
Trodat,Replacement Pad 6/4933,Trodat Replacement Pad 6/4933 - pack of 2,https://media.stamps4u.co.uk/media/image/a3/b1/99/Stempelkissen_6_4923_black_1000X1000_600x600@2x.jpg,30,,,0,False
Trodat,Replacement Pad 6/4914,Trodat Replacement Pad 6/4914 - pack of 2,https://media.stamps4u.co.uk/media/image/c4/49/3e/Stempelkissen_6_4913_black_1000X1000_600x600@2x.jpg,40,,,0,False
